INSERT INTO activities (id, activitiesType, lengthInQuarters, maxUsers, name) VALUES (1, 'LECTURE', 6, 16, 'Java');
INSERT INTO activities (id, activitiesType, lengthInQuarters, maxUsers, name) VALUES (2, 'WORKSHOP', 6, 16, 'Python');
INSERT INTO activities (id, activitiesType, lengthInQuarters, maxUsers, name) VALUES (3, 'LECTURE', 6, 16, 'GIT');
INSERT INTO activities (id, activitiesType, lengthInQuarters, maxUsers, name) VALUES (4, 'EXERCISE', 6, 16, 'Hibernate');
INSERT INTO activities_users (activity_id, user_id) VALUES (1, 1);
INSERT INTO activities_users (activity_id, user_id) VALUES (2, 1);
INSERT INTO activities_users (activity_id, user_id) VALUES (3, 1);
INSERT INTO activities_users (activity_id, user_id) VALUES (4, 1);
INSERT INTO activities_users (activity_id, user_id) VALUES (1, 2);
INSERT INTO activities_users (activity_id, user_id) VALUES (2, 2);
INSERT INTO activities_users (activity_id, user_id) VALUES (3, 2);
INSERT INTO activities_users (activity_id, user_id) VALUES (4, 2);
INSERT INTO activities_users (activity_id, user_id) VALUES (3, 3);
INSERT INTO activities_users (activity_id, user_id) VALUES (4, 3);
INSERT INTO activities_users (activity_id, user_id) VALUES (1, 4);
INSERT INTO activities_users (activity_id, user_id) VALUES (3, 4);
INSERT INTO activities_users (activity_id, user_id) VALUES (2, 5);
INSERT INTO activities_users (activity_id, user_id) VALUES (3, 5);
INSERT INTO activities_users (activity_id, user_id) VALUES (1, 6);
INSERT INTO plans (id, name) VALUES (1, 'Junior Java Developer');
INSERT INTO plans (id, name) VALUES (2, 'Dev Ops');
INSERT INTO plans_activities (plan_id, activity_id) VALUES (1, 1);
INSERT INTO plans_activities (plan_id, activity_id) VALUES (1, 2);
INSERT INTO plans_activities (plan_id, activity_id) VALUES (2, 2);
INSERT INTO plans_activities (plan_id, activity_id) VALUES (1, 3);
INSERT INTO plans_activities (plan_id, activity_id) VALUES (2, 3);
INSERT INTO users (id, email, name, surname) VALUES (1, 'p@com.pl', 'Jan', 'Maria');
INSERT INTO users (id, email, name, surname) VALUES (2, 'pa@com.pl', 'Ja', 'Maria');
INSERT INTO users (id, email, name, surname) VALUES (3, 'pt@com.pl', 'J', 'Maria');
INSERT INTO users (id, email, name, surname) VALUES (4, 'mmm@com.pl', 'MMM', 'Maria');
INSERT INTO users (id, email, name, surname) VALUES (5, 'ada@com.pl', 'ada', 'Maria');
INSERT INTO users (id, email, name, surname) VALUES (6, 'dsada@com.pl', 'dsada', 'Maria');